"Tür";"Ad";"Kategori";"Önerilen dosya adı"
"Kategori";"Pasta";"Pasta";"kategori-pasta.png"
"Kategori";"Hamburger Menü";"Hamburger Menü";"kategori-hamburger-menu.png"
"Kategori";"Sweet Croissant";"Sweet Croissant";"kategori-sweet-croissant.png"
"Kategori";"Coffee";"Coffee";"kategori-coffee.png"
"Kategori";"İçecekler";"İçecekler";"kategori-icecekler.png"
"Kategori";"Matcha";"Matcha";"kategori-matcha.png"
"Kategori";"Bitki Çayları";"Bitki Çayları";"kategori-bitki-caylari.png"
"Kategori";"Kahvaltı";"Kahvaltı";"kategori-kahvalti.png"
"Kategori";"Ice Coffee";"Ice Coffee";"kategori-ice-coffee.png"
"Kategori";"Kokteyl";"Kokteyl";"kategori-kokteyl.png"
"Ürün";"Berry Bliss";"Pasta";"berry-bliss.png"
"Ürün";"Tiramisu";"Pasta";"tiramisu.png"
"Ürün";"Flan Raffaello";"Pasta";"flan-raffaello.png"
"Ürün";"Tart";"Pasta";"tart.png"
"Ürün";"Amerikan Brownie";"Pasta";"amerikan-brownie.png"
"Ürün";"Çıtır Belçika Çikolatalı Mono";"Pasta";"citir-belcika-cikolatali-mono.png"
"Ürün";"Fıstıklı Mono";"Pasta";"fistikli-mono.png"
"Ürün";"Orman Meyveli Spoonful";"Pasta";"orman-meyveli-spoonful.png"
"Ürün";"Sütlü Çikolata Spoonful";"Pasta";"sutlu-cikolata-spoonful.png"
"Ürün";"Lotus Spoonful";"Pasta";"lotus-spoonful.png"
"Ürün";"San Sebastian";"Pasta";"san-sebastian.png"
"Ürün";"San Sebastian Sütlü Çikolata";"Pasta";"san-sebastian-sutlu-cikolata.png"
"Ürün";"Orman Meyveli Cheesecake";"Pasta";"orman-meyveli-cheesecake.png"
"Ürün";"Dondurmalı Cookie";"Pasta";"dondurmali-cookie.png"
"Ürün";"Çikolatalı Cookie Dondurmalı";"Pasta";"cikolatali-cookie-dondurmali.png"
"Ürün";"Ekstra Muz";"Pasta";"ekstra-muz.png"
"Ürün";"Çikolatalı Cookie";"Pasta";"cikolatali-cookie.png"
"Ürün";"Ekstra Çilek";"Pasta";"ekstra-cilek.png"
"Ürün";"Ekstra Çikolata";"Pasta / Sweet Croissant";"ekstra-cikolata.png"
"Ürün";"Doğum Günü Pastası";"Pasta";"dogum-gunu-pastasi.png"
"Ürün";"Klasik Hamburger";"Hamburger Menü";"klasik-hamburger.png"
"Ürün";"Relish Hamburger";"Hamburger Menü";"relish-hamburger.png"
"Ürün";"Trüf Hamburger";"Hamburger Menü";"truf-hamburger.png"
"Ürün";"Tavuk Trüf Hamburger";"Hamburger Menü";"tavuk-truf-hamburger.png"
"Ürün";"Tavuk Klasik Hamburger";"Hamburger Menü";"tavuk-klasik-hamburger.png"
"Ürün";"Tavuk Relish Hamburger";"Hamburger Menü";"tavuk-relish-hamburger.png"
"Ürün";"Çocuk Et Menü";"Hamburger Menü";"cocuk-et-menu.png"
"Ürün";"Çocuk Tavuk Menü";"Hamburger Menü";"cocuk-tavuk-menu.png"
"Ürün";"Patates Kızartması";"Hamburger Menü / Kahvaltı";"patates-kizartmasi.png"
"Ürün";"Nutella Kruvasan";"Sweet Croissant / Kahvaltı";"nutella-kruvasan.png"
"Ürün";"Berry Milk";"Sweet Croissant";"berry-milk.png"
"Ürün";"Badem Dolgulu Kruvasan";"Sweet Croissant";"badem-dolgulu-kruvasan.png"
"Ürün";"Beyaz Çikolatalı Kruvasan";"Sweet Croissant";"beyaz-cikolatali-kruvasan.png"
"Ürün";"Sütlü Çikolatalı Kruvasan";"Sweet Croissant";"sutlu-cikolatali-kruvasan.png"
"Ürün";"Lotus Dolgulu Kruvasan";"Sweet Croissant";"lotus-dolgulu-kruvasan.png"
"Ürün";"Çikolata Kremalı Kruvasan";"Sweet Croissant";"cikolata-kremali-kruvasan.png"
"Ürün";"RubyOn";"Sweet Croissant";"rubyon.png"
"Ürün";"Sweets";"Sweet Croissant";"sweets.png"
"Ürün";"Trio";"Sweet Croissant";"trio.png"
"Ürün";"Latte";"Coffee";"latte.png"
"Ürün";"Laktozsuz Latte";"Coffee";"laktozsuz-latte.png"
"Ürün";"Filtre Kahve";"Coffee";"filtre-kahve.png"
"Ürün";"Sütlü Filtre";"Coffee";"sutlu-filtre.png"
"Ürün";"Single Americano";"Coffee";"single-americano.png"
"Ürün";"Double Americano";"Coffee";"double-americano.png"
"Ürün";"Flat White";"Coffee";"flat-white.png"
"Ürün";"Cappucino";"Coffee";"cappucino.png"
"Ürün";"Türk Kahvesi";"Coffee / İçecekler";"turk-kahvesi.png"
"Ürün";"Mocha";"Coffee";"mocha.png"
"Ürün";"White Chocolate Mocha";"Coffee";"white-chocolate-mocha.png"
"Ürün";"Zebra Mocha";"Coffee";"zebra-mocha.png"
"Ürün";"BerryWhite Latte";"Coffee";"berrywhite-latte.png"
"Ürün";"Caramel Macchiato";"Coffee";"caramel-macchiato.png"
"Ürün";"Irish Cream Macchiato";"Coffee";"irish-cream-macchiato.png"
"Ürün";"Kış Lattesi";"Coffee";"kis-lattesi.png"
"Ürün";"Vanilya Latte";"Coffee";"vanilya-latte.png"
"Ürün";"Cookies Latte";"Coffee";"cookies-latte.png"
"Ürün";"Hazelnut Latte";"Coffee";"hazelnut-latte.png"
"Ürün";"Toffee Nut Latte";"Coffee";"toffee-nut-latte.png"
"Ürün";"Chai Tea Latte";"Coffee";"chai-tea-latte.png"
"Ürün";"Cortado";"Coffee";"cortado.png"
"Ürün";"Espresso";"Coffee";"espresso.png"
"Ürün";"Ekstra Shot";"Coffee";"ekstra-shot.png"
"Ürün";"Ekstra Aroma";"Coffee";"ekstra-aroma.png"
"Ürün";"1 kg Espresso çekirdeği";"Coffee";"espresso-cekirdegi-1-kg.png"
"Ürün";"Su";"İçecekler";"su.png"
"Ürün";"Çay";"İçecekler";"cay.png"
"Ürün";"Soda";"İçecekler";"soda.png"
"Ürün";"Limonata";"İçecekler / Kokteyl";"limonata.png"
"Ürün";"Cola";"İçecekler";"cola.png"
"Ürün";"Fanta";"İçecekler";"fanta.png"
"Ürün";"Sprite";"İçecekler";"sprite.png"
"Ürün";"Churchill";"İçecekler";"churchill.png"
"Ürün";"Double Türk Kahvesi";"İçecekler";"double-turk-kahvesi.png"
"Ürün";"Salep";"İçecekler";"salep.png"
"Ürün";"Fincan Çay";"İçecekler";"fincan-cay.png"
"Ürün";"Süt";"İçecekler";"sut.png"
"Ürün";"Portakal Suyu";"İçecekler";"portakal-suyu.png"
"Ürün";"Red Bull";"İçecekler";"red-bull.png"
"Ürün";"Sıcak Çikolata";"İçecekler";"sicak-cikolata.png"
"Ürün";"Mojito";"İçecekler / Kokteyl";"mojito.png"
"Ürün";"Çilekli Mojito";"İçecekler / Kokteyl";"cilekli-mojito.png"
"Ürün";"Ayran";"İçecekler";"ayran.png"
"Ürün";"Matcha Latte";"Matcha";"matcha-latte.png"
"Ürün";"Caramel Matcha Latte";"Matcha";"caramel-matcha-latte.png"
"Ürün";"Strawberry Matcha Latte";"Matcha";"strawberry-matcha-latte.png"
"Ürün";"Raspberry Matcha Latte";"Matcha";"raspberry-matcha-latte.png"
"Ürün";"Vanilya Matcha Latte";"Matcha";"vanilya-matcha-latte.png"
"Ürün";"Yeşil Çay";"Bitki Çayları";"yesil-cay.png"
"Ürün";"Elma & Tarçın";"Bitki Çayları";"elma-tarcin.png"
"Ürün";"Kırmızı Orman Meyveleri";"Bitki Çayları";"kirmizi-orman-meyveleri.png"
"Ürün";"Kış Çayı";"Bitki Çayları";"kis-cayi.png"
"Ürün";"Nane Limon";"Bitki Çayları";"nane-limon.png"
"Ürün";"Kruvasan";"Kahvaltı";"kruvasan.png"
"Ürün";"Alâ Kahvaltı";"Kahvaltı";"ala-kahvalti.png"
"Ürün";"Sebzeli Omlet";"Kahvaltı";"sebzeli-omlet.png"
"Ürün";"Tulum Peynirli Omlet";"Kahvaltı";"tulum-peynirli-omlet.png"
"Ürün";"Kruvasan Dana Füme Sandviç";"Kahvaltı";"kruvasan-dana-fume-sandvic.png"
"Ürün";"Kruvasan Dana Jambon Sandviç";"Kahvaltı";"kruvasan-dana-jambon-sandvic.png"
"Ürün";"Kruvasan Vejeteryan Sandviç";"Kahvaltı";"kruvasan-vejeteryan-sandvic.png"
"Ürün";"Tam Buğday Sandviç";"Kahvaltı";"tam-bugday-sandvic.png"
"Ürün";"Ice Latte";"Ice Coffee";"ice-latte.png"
"Ürün";"Ice Latte (Laktozsuz)";"Ice Coffee";"ice-latte-laktozsuz.png"
"Ürün";"Ice Filtre Kahve";"Ice Coffee";"ice-filtre-kahve.png"
"Ürün";"Ice Sütlü Filtre Kahve";"Ice Coffee";"ice-sutlu-filtre-kahve.png"
"Ürün";"Ice Single Americano";"Ice Coffee";"ice-single-americano.png"
"Ürün";"Ice Double Americano";"Ice Coffee";"ice-double-americano.png"
"Ürün";"Ice Mocha";"Ice Coffee";"ice-mocha.png"
"Ürün";"Ice White Chocolate Mocha";"Ice Coffee";"ice-white-chocolate-mocha.png"
"Ürün";"Zebra Mocha";"Ice Coffee";"ice-zebra-mocha.png"
"Ürün";"Ice BerryWhite Latte";"Ice Coffee";"ice-berrywhite-latte.png"
"Ürün";"Ice Caramel Macchiato";"Ice Coffee";"ice-caramel-macchiato.png"
"Ürün";"Ice Cookies Latte";"Ice Coffee";"ice-cookies-latte.png"
"Ürün";"Ice Vanilya Latte";"Ice Coffee";"ice-vanilya-latte.png"
"Ürün";"Ice Irish Cream Macchiato";"Ice Coffee";"ice-irish-cream-macchiato.png"
"Ürün";"Ice Toffee Nut Latte";"Ice Coffee";"ice-toffee-nut-latte.png"
"Ürün";"Ice Chai Tea Latte";"Ice Coffee";"ice-chai-tea-latte.png"
"Ürün";"Ice Hazelnut Latte";"Ice Coffee";"ice-hazelnut-latte.png"
"Ürün";"Green Apple Kokteyl";"Kokteyl";"green-apple-kokteyl.png"
"Ürün";"Kuzu Kulağı";"Kokteyl";"kuzu-kulagi.png"
"Ürün";"Passion";"Kokteyl";"passion.png"
"Ürün";"Meyveli Soğuk Çay";"Kokteyl";"meyveli-soguk-cay.png"
"Ürün";"French Kiss";"Kokteyl";"french-kiss.png"
"Ürün";"Hawana Special";"Kokteyl";"hawana-special.png"
"Ürün";"Kamikaze (RedBULL)";"Kokteyl";"kamikaze-redbull.png"
"Ürün";"Daffy Duck (RedBULL)";"Kokteyl";"daffy-duck-redbull.png"
"Ürün";"Apex (RedBULL)";"Kokteyl";"apex-redbull.png"
"Ürün";"Flamingo Milkshake";"Kokteyl";"flamingo-milkshake.png"
"Ürün";"ÇOKO ÇOKO Milkshake";"Kokteyl";"coko-coko-milkshake.png"
"Ürün";"Berry Margarita";"Kokteyl";"berry-margarita.png"
"Ürün";"Tropical Rush";"Kokteyl";"tropical-rush.png"
"Ürün";"Naneli Limonata";"Kokteyl";"naneli-limonata.png"
"Ürün";"Çilekli Limonata";"Kokteyl";"cilekli-limonata.png"
"Ürün";"Kuzukulaklı Limonata";"Kokteyl";"kuzukulakli-limonata.png"
"Ürün";"Yeşil Elma Limonata";"Kokteyl";"yesil-elma-limonata.png"
